{"cameraMode":{"drawMode":0,"name":"Shaded","section":"Shading Mode"},"sceneLighting":false,"audioPlay":false,"sceneViewState":{"m_AlwaysRefresh":false,"showFog":true,"showSkybox":false,"showFlares":true,"showImageEffects":true,"showParticleSystems":true,"showVisualEffectGraphs":true,"m_FxEnabled":true},"in2DMode":false,"pivot":{"x":-0.0004131495952606201,"y":4.00001335144043,"z":3.000000238418579},"rotation":{"x":0.16641326248645783,"y":0.5518555641174316,"z":-0.11348041892051697,"w":0.8092528581619263},"size":4.426059246063232,"orthographic":false}